path,method,request_schema,response_schema,auth_required,file_location,function_name,line,full_line
/,GET,unknown,unknown,No,main.py,root,451,"@app.get(""/"")"
/health,GET,unknown,unknown,No,main.py,health,463,"@app.get(""/health"")"
/ready,GET,unknown,unknown,No,main.py,readiness,473,"@app.get(""/ready"")"
/ready/{endpoint_path:path},GET,unknown,unknown,No,main.py,check_endpoint_readiness,490,"@app.get(""/ready/{endpoint_path:path}"")"
/metrics,GET,unknown,unknown,No,main.py,get_prometheus_metrics,512,"@app.get(""/metrics"")"
/metrics/json,GET,unknown,unknown,No,main.py,get_metrics_json,527,"@app.get(""/metrics/json"")"
/rate-limit/stats/{user_id},GET,unknown,unknown,No,main.py,get_user_rate_limit_stats,569,"@app.get(""/rate-limit/stats/{user_id}"")"
/,GET,unknown,unknown,No,main_simple.py,root,104,"@app.get(""/"")"
/health,GET,unknown,unknown,No,main_simple.py,health,116,"@app.get(""/health"")"
/ready,GET,unknown,unknown,No,main_simple.py,readiness,126,"@app.get(""/ready"")"
/api/v1/chat,GET,unknown,unknown,No,main_simple.py,simple_chat,148,"@app.get(""/api/v1/chat"")"
/,GET,unknown,unknown,No,start_server.py,root,33,"@app.get(""/"")"
/health,GET,unknown,unknown,No,start_server.py,health,37,"@app.get(""/health"")"
/api/v1/monitoring/health,GET,unknown,unknown,No,start_server.py,health_check,41,"@app.get(""/api/v1/monitoring/health"")"
/setup,POST,unknown,TwoFactorSetupResponse,No,app/api/two_factor.py,setup_2fa,38,"@router.post(""/setup"", response_model=TwoFactorSetupResponse)"
/confirm,POST,unknown,unknown,No,app/api/two_factor.py,confirm_2fa_setup,68,"@router.post(""/confirm"")"
/verify,POST,unknown,unknown,No,app/api/two_factor.py,verify_2fa,110,"@router.post(""/verify"")"
/disable,POST,unknown,unknown,No,app/api/two_factor.py,disable_2fa,146,"@router.post(""/disable"")"
/status,GET,unknown,TwoFactorStatusResponse,No,app/api/two_factor.py,get_2fa_status,175,"@router.get(""/status"", response_model=TwoFactorStatusResponse)"
/regenerate-backup-codes,POST,unknown,unknown,No,app/api/two_factor.py,regenerate_backup_codes,194,"@router.post(""/regenerate-backup-codes"")"
/register,POST,unknown,UserSchema,Yes,app/api/auth.py,register,25,"@router.post(""/register"", response_model=UserSchema)"
/login,POST,unknown,Token,Yes,app/api/auth.py,login,71,"@router.post(""/login"", response_model=Token)"
/login-email,POST,unknown,Token,Yes,app/api/auth.py,login_with_email,114,"@router.post(""/login-email"", response_model=Token)"
/admin-login,POST,unknown,Token,No,app/api/auth.py,admin_login,141,"@router.post(""/admin-login"", response_model=Token)"
/me,GET,unknown,UserSchema,Yes,app/api/auth.py,read_users_me,277,"@router.get(""/me"", response_model=UserSchema)"
/me,PUT,unknown,UserSchema,No,app/api/auth.py,update_user_me,283,"@router.put(""/me"", response_model=UserSchema)"
/metrics,GET,unknown,unknown,No,app/api/metrics.py,get_metrics,7,"@router.get(""/metrics"")"
/health,GET,unknown,unknown,No,app/api/metrics.py,health_check,17,"@router.get(""/health"")"
/upload,POST,unknown,unknown,No,app/api/files.py,upload_file,49,"@router.post(""/upload"")"
/upload-multiple,POST,unknown,unknown,No,app/api/files.py,upload_multiple_files,97,"@router.post(""/upload-multiple"")"
/download/{filename},GET,unknown,unknown,No,app/api/files.py,download_file,148,"@router.get(""/download/{filename}"")"
/delete/{filename},DELETE,unknown,unknown,No,app/api/files.py,delete_file,170,"@router.delete(""/delete/{filename}"")"
/list,GET,unknown,unknown,No,app/api/files.py,list_files,202,"@router.get(""/list"")"
/dashboard/stats,GET,unknown,unknown,No,app/api/admin_dashboard.py,get_dashboard_stats,35,"@router.get(""/dashboard/stats"")"
/users,GET,unknown,unknown,No,app/api/admin_dashboard.py,get_users,105,"@router.get(""/users"")"
/users/{user_id},GET,unknown,unknown,No,app/api/admin_dashboard.py,get_user_details,167,"@router.get(""/users/{user_id}"")"
/users/{user_id}/toggle-status,PUT,unknown,unknown,No,app/api/admin_dashboard.py,toggle_user_status,235,"@router.put(""/users/{user_id}/toggle-status"")"
/audit-logs,GET,unknown,unknown,No,app/api/admin_dashboard.py,get_audit_logs,288,"@router.get(""/audit-logs"")"
/security-events,GET,unknown,unknown,No,app/api/admin_dashboard.py,get_security_events,350,"@router.get(""/security-events"")"
/system/health,GET,unknown,unknown,No,app/api/admin_dashboard.py,get_system_health,408,"@router.get(""/system/health"")"
/generate-keys,POST,unknown,KeyPairResponse,No,app/api/encryption.py,generate_key_pair,51,"@router.post(""/generate-keys"", response_model=KeyPairResponse)"
/public-key/{user_id},GET,unknown,unknown,No,app/api/encryption.py,get_public_key,97,"@router.get(""/public-key/{user_id}"")"
/encrypt,POST,unknown,EncryptMessageResponse,No,app/api/encryption.py,encrypt_message,125,"@router.post(""/encrypt"", response_model=EncryptMessageResponse)"
/decrypt,POST,unknown,DecryptMessageResponse,No,app/api/encryption.py,decrypt_message,182,"@router.post(""/decrypt"", response_model=DecryptMessageResponse)"
/messages/{chat_session_id},GET,unknown,unknown,No,app/api/encryption.py,get_encrypted_messages,240,"@router.get(""/messages/{chat_session_id}"")"
/keys,DELETE,unknown,unknown,No,app/api/encryption.py,revoke_encryption_keys,272,"@router.delete(""/keys"")"
/keys/status,GET,unknown,unknown,No,app/api/encryption.py,get_encryption_status,292,"@router.get(""/keys/status"")"
/logs,GET,unknown,List,No,app/api/audit.py,get_audit_logs,21,"@router.get(""/logs"", response_model=List[AuditLogResponse])"
/security-events,GET,unknown,List,No,app/api/audit.py,get_security_events,56,"@router.get(""/security-events"", response_model=List[SecurityEventResponse])"
/statistics,GET,unknown,AuditStatisticsResponse,No,app/api/audit.py,get_audit_statistics,85,"@router.get(""/statistics"", response_model=AuditStatisticsResponse)"
/export,GET,unknown,unknown,No,app/api/audit.py,export_audit_logs,113,"@router.get(""/export"")"
/security-events/{event_id}/resolve,POST,unknown,unknown,No,app/api/audit.py,resolve_security_event,204,"@router.post(""/security-events/{event_id}/resolve"")"
/dashboard,GET,unknown,unknown,No,app/api/audit.py,get_audit_dashboard,246,"@router.get(""/dashboard"")"
/plans,GET,unknown,List,No,app/api/subscription.py,get_subscription_plans,66,"@router.get(""/plans"", response_model=List[SubscriptionPlanResponse])"
/plans/{tier},GET,unknown,SubscriptionPlanResponse,No,app/api/subscription.py,get_subscription_plan,101,"@router.get(""/plans/{tier}"", response_model=SubscriptionPlanResponse)"
/subscribe,POST,unknown,UserSubscriptionResponse,No,app/api/subscription.py,create_subscription,144,"@router.post(""/subscribe"", response_model=UserSubscriptionResponse)"
/my-subscription,GET,unknown,UserSubscriptionResponse,No,app/api/subscription.py,get_my_subscription,200,"@router.get(""/my-subscription"", response_model=UserSubscriptionResponse)"
/upgrade,POST,unknown,UserSubscriptionResponse,No,app/api/subscription.py,upgrade_subscription,245,"@router.post(""/upgrade"", response_model=UserSubscriptionResponse)"
/cancel,POST,unknown,unknown,No,app/api/subscription.py,cancel_subscription,312,"@router.post(""/cancel"")"
/usage,GET,unknown,UsageSummaryResponse,No,app/api/subscription.py,get_usage_summary,332,"@router.get(""/usage"", response_model=UsageSummaryResponse)"
/check-feature-access,POST,unknown,unknown,No,app/api/subscription.py,check_feature_access,347,"@router.post(""/check-feature-access"")"
/use-feature,POST,unknown,unknown,No,app/api/subscription.py,use_feature,377,"@router.post(""/use-feature"")"
/stats,GET,unknown,unknown,No,app/api/subscription.py,get_subscription_stats,412,"@router.get(""/stats"")"
/data/collect,POST,unknown,DataCollectionResponse,No,app/api/lora_training.py,collect_training_data,36,"@router.post(""/data/collect"", response_model=DataCollectionResponse)"
/data/stats,GET,unknown,TrainingStatsResponse,No,app/api/lora_training.py,get_training_stats,64,"@router.get(""/data/stats"", response_model=TrainingStatsResponse)"
/data,GET,unknown,List,No,app/api/lora_training.py,get_training_data,90,"@router.get(""/data"", response_model=List[TrainingDataResponse])"
/data/{data_id},GET,unknown,TrainingDataResponse,No,app/api/lora_training.py,get_training_data_by_id,118,"@router.get(""/data/{data_id}"", response_model=TrainingDataResponse)"
/data/{data_id},PUT,unknown,TrainingDataResponse,No,app/api/lora_training.py,update_training_data,140,"@router.put(""/data/{data_id}"", response_model=TrainingDataResponse)"
/data/{data_id}/approve,POST,unknown,unknown,No,app/api/lora_training.py,approve_training_data,172,"@router.post(""/data/{data_id}/approve"")"
/data/{data_id}/reject,POST,unknown,unknown,No,app/api/lora_training.py,reject_training_data,195,"@router.post(""/data/{data_id}/reject"")"
/data/batch-approve,POST,unknown,BatchApprovalResponse,No,app/api/lora_training.py,batch_approve_data,221,"@router.post(""/data/batch-approve"", response_model=BatchApprovalResponse)"
/data/evaluate-quality,POST,unknown,QualityEvaluationResponse,No,app/api/lora_training.py,evaluate_quality,269,"@router.post(""/data/evaluate-quality"", response_model=QualityEvaluationResponse)"
/training/start,POST,unknown,TrainingJobResponse,No,app/api/lora_training.py,start_training,295,"@router.post(""/training/start"", response_model=TrainingJobResponse)"
/training/jobs,GET,unknown,List,No,app/api/lora_training.py,get_training_jobs,330,"@router.get(""/training/jobs"", response_model=List[TrainingJobResponse])"
/training/jobs/{job_id},GET,unknown,TrainingJobResponse,No,app/api/lora_training.py,get_training_job,349,"@router.get(""/training/jobs/{job_id}"", response_model=TrainingJobResponse)"
/training/jobs/{job_id}/cancel,POST,unknown,unknown,No,app/api/lora_training.py,cancel_training_job,371,"@router.post(""/training/jobs/{job_id}/cancel"")"
/models,GET,unknown,List,No,app/api/lora_training.py,get_model_versions,403,"@router.get(""/models"", response_model=List[ModelVersionResponse])"
/models,POST,unknown,ModelVersionResponse,No,app/api/lora_training.py,create_model_version,421,"@router.post(""/models"", response_model=ModelVersionResponse)"
/models/{model_id}/activate,POST,unknown,unknown,No,app/api/lora_training.py,activate_model,458,"@router.post(""/models/{model_id}/activate"")"
/models/test,POST,unknown,ModelTestResponse,No,app/api/lora_training.py,test_model,490,"@router.post(""/models/test"", response_model=ModelTestResponse)"
/config/recommended,GET,unknown,unknown,No,app/api/lora_training.py,get_recommended_lora_config,524,"@router.get(""/config/recommended"")"
/config/tasks,GET,unknown,unknown,No,app/api/lora_training.py,get_available_legal_tasks,547,"@router.get(""/config/tasks"")"
/config/validate,POST,unknown,unknown,No,app/api/lora_training.py,validate_lora_config,574,"@router.post(""/config/validate"")"
/fine-tuning/jobs,POST,unknown,FineTuningJobResponse,No,app/api/fine_tuning.py,create_fine_tuning_job,65,"@router.post(""/fine-tuning/jobs"", response_model=FineTuningJobResponse)"
/fine-tuning/jobs,GET,unknown,List,No,app/api/fine_tuning.py,list_fine_tuning_jobs,113,"@router.get(""/fine-tuning/jobs"", response_model=List[FineTuningJobResponse])"
/fine-tuning/jobs/{job_id},GET,unknown,FineTuningJobResponse,No,app/api/fine_tuning.py,get_fine_tuning_job,139,"@router.get(""/fine-tuning/jobs/{job_id}"", response_model=FineTuningJobResponse)"
/fine-tuning/jobs/{job_id},DELETE,unknown,unknown,No,app/api/fine_tuning.py,cancel_fine_tuning_job,168,"@router.delete(""/fine-tuning/jobs/{job_id}"")"
/fine-tuning/process-legal-data,POST,unknown,unknown,No,app/api/fine_tuning.py,process_legal_documents,189,"@router.post(""/fine-tuning/process-legal-data"")"
/fine-tuning/evaluate,POST,unknown,unknown,No,app/api/fine_tuning.py,evaluate_model,228,"@router.post(""/fine-tuning/evaluate"")"
/fine-tuning/deploy/{job_id},POST,unknown,unknown,No,app/api/fine_tuning.py,deploy_model,278,"@router.post(""/fine-tuning/deploy/{job_id}"")"
/fine-tuning/categories,GET,unknown,unknown,No,app/api/fine_tuning.py,get_legal_categories,308,"@router.get(""/fine-tuning/categories"")"
/fine-tuning/stats,GET,unknown,unknown,No,app/api/fine_tuning.py,get_fine_tuning_stats,331,"@router.get(""/fine-tuning/stats"")"
/analyze,POST,unknown,SentimentResponse,No,app/api/sentiment.py,analyze_sentiment,48,"@router.post(""/analyze"", response_model=SentimentResponse)"
/analyze/batch,POST,unknown,List,No,app/api/sentiment.py,analyze_sentiment_batch,81,"@router.post(""/analyze/batch"", response_model=List[SentimentResponse])"
/analyze/chat-message,POST,unknown,unknown,No,app/api/sentiment.py,analyze_chat_message_sentiment,123,"@router.post(""/analyze/chat-message"")"
/stats,GET,unknown,Dict,No,app/api/sentiment.py,get_sentiment_stats,164,"@router.get(""/stats"", response_model=Dict[str, Any])"
/emotions,GET,unknown,unknown,No,app/api/sentiment.py,get_emotion_categories,212,"@router.get(""/emotions"")"
/feedback,POST,unknown,unknown,No,app/api/sentiment.py,submit_sentiment_feedback,275,"@router.post(""/feedback"")"
/health,GET,unknown,unknown,No,app/api/sentiment.py,sentiment_analysis_health,309,"@router.get(""/health"")"
/canary/deploy,POST,unknown,unknown,No,app/api/canary_lora.py,deploy_canary,50,"@router.post(""/canary/deploy"")"
/canary/promote/{model_id},POST,unknown,unknown,No,app/api/canary_lora.py,promote_canary,90,"@router.post(""/canary/promote/{model_id}"")"
/canary/rollback/{model_id},POST,unknown,unknown,No,app/api/canary_lora.py,rollback_canary,124,"@router.post(""/canary/rollback/{model_id}"")"
/canary/status,GET,unknown,unknown,No,app/api/canary_lora.py,get_canary_status,152,"@router.get(""/canary/status"")"
/canary/metrics/{model_id},POST,unknown,unknown,No,app/api/canary_lora.py,record_canary_metrics,171,"@router.post(""/canary/metrics/{model_id}"")"
/lora/add-example,POST,unknown,unknown,No,app/api/canary_lora.py,add_training_example,206,"@router.post(""/lora/add-example"")"
/lora/training-batch,GET,unknown,unknown,No,app/api/canary_lora.py,get_training_batch,251,"@router.get(""/lora/training-batch"")"
/lora/priority-examples,GET,unknown,unknown,No,app/api/canary_lora.py,get_priority_examples,308,"@router.get(""/lora/priority-examples"")"
/lora/quality-statistics,GET,unknown,unknown,No,app/api/canary_lora.py,get_quality_statistics,353,"@router.get(""/lora/quality-statistics"")"
/lora/update-thresholds,POST,unknown,unknown,No,app/api/canary_lora.py,update_quality_thresholds,380,"@router.post(""/lora/update-thresholds"")"
/lora/export-data,GET,unknown,unknown,No,app/api/canary_lora.py,export_training_data,408,"@router.get(""/lora/export-data"")"
/lora/status,GET,unknown,unknown,No,app/api/canary_lora.py,get_lora_status,441,"@router.get(""/lora/status"")"
/health,GET,unknown,unknown,No,app/api/monitoring.py,health_check,27,"@router.get(""/health"")"
/metrics,GET,unknown,unknown,Yes,app/api/monitoring.py,get_database_metrics,75,"@router.get(""/metrics"")"
/metrics/summary,GET,unknown,unknown,No,app/api/monitoring.py,get_metrics_summary,82,"@router.get(""/metrics/summary"")"
/backup/status,GET,unknown,unknown,Yes,app/api/monitoring.py,get_backup_status,92,"@router.get(""/backup/status"")"
/backup/create,POST,unknown,unknown,No,app/api/monitoring.py,create_backup,99,"@router.post(""/backup/create"")"
/backup/list,GET,unknown,unknown,Yes,app/api/monitoring.py,list_backups,120,"@router.get(""/backup/list"")"
/backup/restore/{backup_name},POST,unknown,unknown,No,app/api/monitoring.py,restore_backup,137,"@router.post(""/backup/restore/{backup_name}"")"
/database/info,GET,unknown,unknown,Yes,app/api/monitoring.py,get_database_info,168,"@router.get(""/database/info"")"
/database/optimize,POST,unknown,unknown,Yes,app/api/monitoring.py,optimize_database,197,"@router.post(""/database/optimize"")"
/vector-store/info,GET,unknown,unknown,Yes,app/api/monitoring.py,get_vector_store_info,231,"@router.get(""/vector-store/info"")"
/categorize,POST,unknown,CategorizationResponse,No,app/api/categorization.py,categorize_text,55,"@router.post(""/categorize"", response_model=CategorizationResponse)"
/categorize/batch,POST,unknown,List,No,app/api/categorization.py,categorize_texts_batch,89,"@router.post(""/categorize/batch"", response_model=List[CategorizationResponse])"
/categories,GET,unknown,List,No,app/api/categorization.py,get_categories,129,"@router.get(""/categories"", response_model=List[CategoryInfoResponse])"
/categories/{category_name},GET,unknown,CategoryInfoResponse,No,app/api/categorization.py,get_category_info,156,"@router.get(""/categories/{category_name}"", response_model=CategoryInfoResponse)"
/categories/{category_name}/keywords,GET,unknown,unknown,No,app/api/categorization.py,get_category_keywords,186,"@router.get(""/categories/{category_name}/keywords"")"
/categories/{category_name}/test,POST,unknown,unknown,No,app/api/categorization.py,test_category_classification,212,"@router.post(""/categories/{category_name}/test"")"
/stats,GET,unknown,unknown,No,app/api/categorization.py,get_categorization_stats,263,"@router.get(""/stats"")"
/feedback,POST,unknown,unknown,No,app/api/categorization.py,submit_categorization_feedback,309,"@router.post(""/feedback"")"
/health,GET,unknown,unknown,No,app/api/categorization.py,categorization_health,348,"@router.get(""/health"")"
/webhooks,POST,unknown,WebhookSubscriptionResponse,No,app/api/webhook_management.py,create_webhook_subscription,60,"@router.post(""/webhooks"", response_model=WebhookSubscriptionResponse)"
/webhooks,GET,unknown,List,No,app/api/webhook_management.py,list_webhook_subscriptions,121,"@router.get(""/webhooks"", response_model=List[WebhookSubscriptionResponse])"
/webhooks/{subscription_id},GET,unknown,WebhookSubscriptionResponse,No,app/api/webhook_management.py,get_webhook_subscription,147,"@router.get(""/webhooks/{subscription_id}"", response_model=WebhookSubscriptionResponse)"
/webhooks/{subscription_id},PUT,unknown,unknown,No,app/api/webhook_management.py,update_webhook_subscription,180,"@router.put(""/webhooks/{subscription_id}"")"
/webhooks/{subscription_id},DELETE,unknown,unknown,No,app/api/webhook_management.py,delete_webhook_subscription,224,"@router.delete(""/webhooks/{subscription_id}"")"
/webhooks/{subscription_id}/test,POST,unknown,unknown,No,app/api/webhook_management.py,test_webhook_subscription,252,"@router.post(""/webhooks/{subscription_id}/test"")"
/webhooks/stats,GET,unknown,WebhookStatsResponse,No,app/api/webhook_management.py,get_webhook_stats,299,"@router.get(""/webhooks/stats"", response_model=WebhookStatsResponse)"
/webhooks/events,GET,unknown,unknown,No,app/api/webhook_management.py,list_available_events,314,"@router.get(""/webhooks/events"")"
/plans,GET,unknown,List,No,app/api/corporate.py,get_corporate_plans,96,"@router.get(""/plans"", response_model=List[CorporatePlanResponse])"
/plans/{tier},GET,unknown,CorporatePlanResponse,No,app/api/corporate.py,get_corporate_plan,128,"@router.get(""/plans/{tier}"", response_model=CorporatePlanResponse)"
/calculate-price,POST,unknown,unknown,No,app/api/corporate.py,calculate_corporate_price,168,"@router.post(""/calculate-price"")"
/subscribe,POST,unknown,CorporateSubscriptionResponse,No,app/api/corporate.py,create_corporate_subscription,211,"@router.post(""/subscribe"", response_model=CorporateSubscriptionResponse)"
/my-subscription,GET,unknown,CorporateSubscriptionResponse,No,app/api/corporate.py,get_my_corporate_subscription,289,"@router.get(""/my-subscription"", response_model=CorporateSubscriptionResponse)"
/my-role,GET,unknown,UserRoleResponse,No,app/api/corporate.py,get_my_corporate_role,342,"@router.get(""/my-role"", response_model=UserRoleResponse)"
/add-user,POST,unknown,unknown,No,app/api/corporate.py,add_user_to_subscription,369,"@router.post(""/add-user"")"
/remove-user/{user_id},DELETE,unknown,unknown,No,app/api/corporate.py,remove_user_from_subscription,407,"@router.delete(""/remove-user/{user_id}"")"
/check-permission/{permission},GET,unknown,unknown,No,app/api/corporate.py,check_user_permission,439,"@router.get(""/check-permission/{permission}"")"
/stats,GET,unknown,unknown,No,app/api/corporate.py,get_corporate_stats,459,"@router.get(""/stats"")"
/health,GET,unknown,unknown,No,app/api/corporate.py,corporate_health,480,"@router.get(""/health"")"
/profile,GET,unknown,UserProfileResponse,No,app/api/user_profiles.py,get_user_profile,54,"@router.get(""/profile"", response_model=UserProfileResponse)"
/profile,PUT,unknown,UserProfileResponse,No,app/api/user_profiles.py,update_user_profile,80,"@router.put(""/profile"", response_model=UserProfileResponse)"
/balance,GET,unknown,TokenBalanceResponse,No,app/api/tokens.py,get_token_balance,21,"@router.get(""/balance"", response_model=TokenBalanceResponse)"
/history,GET,unknown,List,No,app/api/tokens.py,get_token_history,39,"@router.get(""/history"", response_model=List[TokenTransactionResponse])"
/add,POST,unknown,AddTokensResponse,No,app/api/tokens.py,add_tokens,62,"@router.post(""/add"", response_model=AddTokensResponse)"
/request,POST,unknown,ExportRequestResponse,No,app/api/export.py,create_export_request,47,"@router.post(""/request"", response_model=ExportRequestResponse)"
/request/{request_id},GET,unknown,ExportRequestResponse,No,app/api/export.py,get_export_request,93,"@router.get(""/request/{request_id}"", response_model=ExportRequestResponse)"
/my-requests,GET,unknown,List,No,app/api/export.py,get_my_export_requests,129,"@router.get(""/my-requests"", response_model=List[ExportRequestResponse])"
/download/{request_id},GET,unknown,unknown,No,app/api/export.py,download_export_file,158,"@router.get(""/download/{request_id}"")"
/formats,GET,unknown,unknown,No,app/api/export.py,get_export_formats,212,"@router.get(""/formats"")"
/types,GET,unknown,unknown,No,app/api/export.py,get_export_types,234,"@router.get(""/types"")"
/stats,GET,unknown,unknown,No,app/api/export.py,get_export_stats,258,"@router.get(""/stats"")"
/health,GET,unknown,unknown,No,app/api/export.py,export_health,279,"@router.get(""/health"")"
/,GET,unknown,List,No,app/api/role_management.py,get_roles,40,"@router.get(""/"", response_model=List[RoleResponse])"
/{role_id},GET,unknown,RoleResponse,No,app/api/role_management.py,get_role,56,"@router.get(""/{role_id}"", response_model=RoleResponse)"
/,POST,unknown,RoleResponse,No,app/api/role_management.py,create_role,77,"@router.post(""/"", response_model=RoleResponse)"
/{role_id},PUT,unknown,RoleResponse,No,app/api/role_management.py,update_role,114,"@router.put(""/{role_id}"", response_model=RoleResponse)"
/{role_id},DELETE,unknown,unknown,No,app/api/role_management.py,delete_role,155,"@router.delete(""/{role_id}"")"
/permissions/,GET,unknown,List,No,app/api/role_management.py,get_permissions,199,"@router.get(""/permissions/"", response_model=List[PermissionResponse])"
/{role_id}/permissions/,GET,unknown,List,No,app/api/role_management.py,get_role_permissions,214,"@router.get(""/{role_id}/permissions/"", response_model=List[PermissionResponse])"
/{role_id}/permissions/,POST,unknown,unknown,No,app/api/role_management.py,assign_permission_to_role,236,"@router.post(""/{role_id}/permissions/"")"
/{role_id}/permissions/{permission_id},DELETE,unknown,unknown,No,app/api/role_management.py,revoke_permission_from_role,285,"@router.delete(""/{role_id}/permissions/{permission_id}"")"
/users/{user_id}/roles/,GET,unknown,List,No,app/api/role_management.py,get_user_roles,328,"@router.get(""/users/{user_id}/roles/"", response_model=List[UserRoleResponse])"
/users/{user_id}/roles/,POST,unknown,unknown,No,app/api/role_management.py,assign_role_to_user,350,"@router.post(""/users/{user_id}/roles/"")"
/users/{user_id}/roles/{role_id},DELETE,unknown,unknown,No,app/api/role_management.py,revoke_role_from_user,392,"@router.delete(""/users/{user_id}/roles/{role_id}"")"
/superadmin/protection/,GET,unknown,unknown,No,app/api/role_management.py,get_superadmin_protection,437,"@router.get(""/superadmin/protection/"")"
/superadmin/safeguards/,POST,unknown,unknown,No,app/api/role_management.py,create_superadmin_safeguards,451,"@router.post(""/superadmin/safeguards/"")"
/superadmin/emergency-recovery/,POST,unknown,unknown,No,app/api/role_management.py,emergency_access_recovery,465,"@router.post(""/superadmin/emergency-recovery/"")"
/sessions,POST,unknown,ChatSessionSchema,No,app/api/chat.py,create_chat_session,40,"@router.post(""/sessions"", response_model=ChatSessionSchema)"
/sessions,GET,unknown,List,No,app/api/chat.py,get_chat_sessions,58,"@router.get(""/sessions"", response_model=List[ChatSessionSchema])"
/sessions/{session_id},GET,unknown,ChatSessionSchema,No,app/api/chat.py,get_chat_session,95,"@router.get(""/sessions/{session_id}"", response_model=ChatSessionSchema)"
/sessions/{session_id},PUT,unknown,ChatSessionSchema,No,app/api/chat.py,update_chat_session,116,"@router.put(""/sessions/{session_id}"", response_model=ChatSessionSchema)"
/message,POST,unknown,ChatResponse,No,app/api/chat.py,send_message,145,"@router.post(""/message"", response_model=ChatResponse)"
/sessions/{session_id}/messages,GET,unknown,List,No,app/api/chat.py,get_chat_messages,296,"@router.get(""/sessions/{session_id}/messages"", response_model=List[ChatMessageSchema])"
/sessions/{session_id},DELETE,unknown,unknown,No,app/api/chat.py,delete_chat_session,322,"@router.delete(""/sessions/{session_id}"")"
/message/stream,POST,unknown,unknown,No,app/api/chat.py,send_message_stream,346,"@router.post(""/message/stream"")"
/voice-message,POST,unknown,ChatResponse,No,app/api/chat.py,send_voice_message,470,"@router.post(""/voice-message"", response_model=ChatResponse)"
/users,GET,unknown,List,No,app/api/admin.py,get_users,47,"@router.get(""/users"", response_model=List[UserSchema])"
/users/{user_id},GET,unknown,UserSchema,No,app/api/admin.py,get_user,86,"@router.get(""/users/{user_id}"", response_model=UserSchema)"
/users/{user_id},PUT,unknown,UserSchema,No,app/api/admin.py,update_user,105,"@router.put(""/users/{user_id}"", response_model=UserSchema)"
/users/{user_id},DELETE,unknown,unknown,No,app/api/admin.py,delete_user,146,"@router.delete(""/users/{user_id}"")"
/users/{user_id}/toggle-admin,POST,unknown,unknown,No,app/api/admin.py,toggle_admin_status,184,"@router.post(""/users/{user_id}/toggle-admin"")"
/dashboard,GET,unknown,AdminDashboard,No,app/api/admin.py,get_admin_dashboard,230,"@router.get(""/dashboard"", response_model=AdminDashboard)"
/analytics/users,GET,unknown,unknown,No,app/api/admin.py,get_user_analytics,278,"@router.get(""/analytics/users"")"
/documents,GET,unknown,unknown,No,app/api/admin.py,get_documents,327,"@router.get(""/documents"")"
/documents/upload,POST,unknown,unknown,No,app/api/admin.py,upload_document,407,"@router.post(""/documents/upload"")"
/documents/upload-url,POST,unknown,unknown,No,app/api/admin.py,upload_document_from_url,480,"@router.post(""/documents/upload-url"")"
/validation/status,GET,unknown,unknown,No,app/api/admin.py,get_validation_status,537,"@router.get(""/validation/status"")"
/validation/method,POST,unknown,unknown,No,app/api/admin.py,set_validation_method,555,"@router.post(""/validation/method"")"
/validation/clear-cache,POST,unknown,unknown,No,app/api/admin.py,clear_validation_cache,591,"@router.post(""/validation/clear-cache"")"
/documents/versions,GET,unknown,unknown,No,app/api/admin.py,get_document_versions,620,"@router.get(""/documents/versions"")"
/documents/current-versions,GET,unknown,unknown,No,app/api/admin.py,get_current_versions,649,"@router.get(""/documents/current-versions"")"
/documents/{document_id}/archive,POST,unknown,unknown,No,app/api/admin.py,archive_document,670,"@router.post(""/documents/{document_id}/archive"")"
/documents/{document_id},DELETE,unknown,unknown,No,app/api/admin.py,delete_document,707,"@router.delete(""/documents/{document_id}"")"
/documents/clear-all,POST,unknown,unknown,No,app/api/admin.py,clear_all_documents,785,"@router.post(""/documents/clear-all"")"
/documents/search,GET,unknown,unknown,No,app/api/admin.py,search_documents,856,"@router.get(""/documents/search"")"
/logs/audit,GET,unknown,unknown,No,app/api/admin.py,get_audit_logs,901,"@router.get(""/logs/audit"")"
/logs/export,GET,unknown,unknown,No,app/api/admin.py,export_audit_logs,958,"@router.get(""/logs/export"")"
/system/status,GET,unknown,unknown,No,app/api/admin.py,get_system_status,1027,"@router.get(""/system/status"")"
/system/rag/reinitialize,POST,unknown,unknown,No,app/api/admin.py,reinitialize_rag_system,1043,"@router.post(""/system/rag/reinitialize"")"
/documents/reprocess,POST,unknown,unknown,No,app/api/admin.py,reprocess_documents,1070,"@router.post(""/documents/reprocess"")"
/status,GET,unknown,unknown,No,app/api/rag.py,get_rag_status,25,"@router.get(""/status"")"
/initialize,POST,unknown,unknown,Yes,app/api/rag.py,initialize_rag_system,38,"@router.post(""/initialize"")"
/documents/upload,POST,unknown,unknown,No,app/api/rag.py,upload_document,62,"@router.post(""/documents/upload"")"
/documents/add-text,POST,unknown,unknown,No,app/api/rag.py,add_text_document,128,"@router.post(""/documents/add-text"")"
/documents/search,GET,unknown,unknown,No,app/api/rag.py,search_documents,171,"@router.get(""/documents/search"")"
/chat/rag,POST,unknown,unknown,No,app/api/rag.py,chat_with_rag,206,"@router.post(""/chat/rag"")"
/chat/rag/stream,POST,unknown,unknown,No,app/api/rag.py,chat_with_rag_stream,236,"@router.post(""/chat/rag/stream"")"
/documents/stats,GET,unknown,unknown,Yes,app/api/rag.py,get_documents_stats,261,"@router.get(""/documents/stats"")"
/documents/clear,DELETE,unknown,unknown,Yes,app/api/rag.py,clear_all_documents,279,"@router.delete(""/documents/clear"")"
/add,POST,unknown,FavoriteResponse,No,app/api/favorites.py,add_to_favorites,42,"@router.post(""/add"", response_model=FavoriteResponse)"
/,GET,unknown,List,No,app/api/favorites.py,get_favorites,73,"@router.get(""/"", response_model=List[FavoriteResponse])"
/{favorite_id},DELETE,unknown,unknown,No,app/api/favorites.py,remove_from_favorites,91,"@router.delete(""/{favorite_id}"")"
/chat,POST,unknown,ChatResponse,No,app/api/enhanced_chat.py,chat_with_ai,57,"@router.post(""/chat"", response_model=ChatResponse)"
/health,GET,unknown,unknown,No,app/api/enhanced_chat.py,chat_health,182,"@router.get(""/health"")"
/stats,GET,unknown,unknown,No,app/api/enhanced_chat.py,get_chat_stats,207,"@router.get(""/stats"")"
/clear-cache,POST,unknown,unknown,No,app/api/enhanced_chat.py,clear_chat_cache,238,"@router.post(""/clear-cache"")"
/subscribe,POST,unknown,unknown,No,app/api/notifications.py,subscribe_to_push,51,"@router.post(""/subscribe"")"
/unsubscribe,POST,unknown,unknown,No,app/api/notifications.py,unsubscribe_from_push,88,"@router.post(""/unsubscribe"")"
/subscriptions,GET,unknown,unknown,No,app/api/notifications.py,get_user_subscriptions,117,"@router.get(""/subscriptions"")"
/send,POST,unknown,unknown,No,app/api/notifications.py,send_notification,139,"@router.post(""/send"")"
/,GET,unknown,unknown,No,app/api/notifications.py,get_notifications,176,"@router.get(""/"")"
/{notification_id}/read,PUT,unknown,unknown,No,app/api/notifications.py,mark_notification_read,203,"@router.put(""/{notification_id}/read"")"
/read-all,PUT,unknown,unknown,No,app/api/notifications.py,mark_all_notifications_read,223,"@router.put(""/read-all"")"
/{notification_id},DELETE,unknown,unknown,No,app/api/notifications.py,delete_notification,238,"@router.delete(""/{notification_id}"")"
/stats,GET,unknown,unknown,No,app/api/notifications.py,get_notification_stats,288,"@router.get(""/stats"")"
/performance,GET,unknown,unknown,No,app/api/analytics.py,get_performance_metrics,22,"@router.get(""/performance"")"
/quality,GET,unknown,unknown,No,app/api/analytics.py,get_quality_metrics,47,"@router.get(""/quality"")"
/legal-fields,GET,unknown,unknown,No,app/api/analytics.py,get_legal_field_analytics,64,"@router.get(""/legal-fields"")"
/complexity,GET,unknown,unknown,No,app/api/analytics.py,get_complexity_analytics,81,"@router.get(""/complexity"")"
/user/{user_id},GET,unknown,unknown,No,app/api/analytics.py,get_user_analytics,98,"@router.get(""/user/{user_id}"")"
/system-health,GET,unknown,unknown,No,app/api/analytics.py,get_system_health,122,"@router.get(""/system-health"")"
/alerts,GET,unknown,unknown,No,app/api/analytics.py,get_alerts,136,"@router.get(""/alerts"")"
/alerts,DELETE,unknown,unknown,No,app/api/analytics.py,clear_alerts,155,"@router.delete(""/alerts"")"
/export,GET,unknown,unknown,No,app/api/analytics.py,export_analytics,177,"@router.get(""/export"")"
/reset,POST,unknown,unknown,No,app/api/analytics.py,reset_analytics,201,"@router.post(""/reset"")"
/dashboard,GET,unknown,unknown,No,app/api/analytics.py,get_dashboard_data,223,"@router.get(""/dashboard"")"
/api-keys,POST,unknown,APIKeyResponse,No,app/api/external.py,create_api_key,114,"@router.post(""/api-keys"", response_model=APIKeyResponse)"
/api-keys,GET,unknown,List,No,app/api/external.py,list_api_keys,149,"@router.get(""/api-keys"", response_model=List[APIKeyResponse])"
/api-keys/{key_id},DELETE,unknown,unknown,No,app/api/external.py,revoke_api_key,171,"@router.delete(""/api-keys/{key_id}"")"
/chat,POST,unknown,ExternalChatResponse,No,app/api/external.py,external_chat,187,"@router.post(""/chat"", response_model=ExternalChatResponse)"
/webhooks,POST,unknown,unknown,No,app/api/external.py,create_webhook_subscription,252,"@router.post(""/webhooks"")"
/webhooks,GET,unknown,unknown,No,app/api/external.py,list_webhook_subscriptions,284,"@router.get(""/webhooks"")"
/webhooks/{webhook_id},DELETE,unknown,unknown,No,app/api/external.py,delete_webhook_subscription,306,"@router.delete(""/webhooks/{webhook_id}"")"
/stats,GET,unknown,unknown,No,app/api/external.py,get_api_stats,324,"@router.get(""/stats"")"
/docs,GET,unknown,unknown,No,app/api/external.py,get_api_documentation,349,"@router.get(""/docs"")"
/health,GET,unknown,unknown,No,app/api/external.py,external_api_health,437,"@router.get(""/health"")"
/create,POST,unknown,AnnotationResponse,No,app/api/annotations.py,create_annotation,99,"@router.post(""/create"", response_model=AnnotationResponse)"
/{annotation_id},GET,unknown,AnnotationResponse,No,app/api/annotations.py,get_annotation,164,"@router.get(""/{annotation_id}"", response_model=AnnotationResponse)"
/{annotation_id},PUT,unknown,AnnotationResponse,No,app/api/annotations.py,update_annotation,211,"@router.put(""/{annotation_id}"", response_model=AnnotationResponse)"
/{annotation_id},DELETE,unknown,unknown,No,app/api/annotations.py,delete_annotation,276,"@router.delete(""/{annotation_id}"")"
/document/{document_id},GET,unknown,List,No,app/api/annotations.py,get_document_annotations,298,"@router.get(""/document/{document_id}"", response_model=List[AnnotationResponse])"
/my-annotations,GET,unknown,List,No,app/api/annotations.py,get_my_annotations,357,"@router.get(""/my-annotations"", response_model=List[AnnotationResponse])"
/search,POST,unknown,List,No,app/api/annotations.py,search_annotations,419,"@router.post(""/search"", response_model=List[AnnotationResponse])"
/{annotation_id}/replies,POST,unknown,AnnotationReplyResponse,No,app/api/annotations.py,add_annotation_reply,477,"@router.post(""/{annotation_id}/replies"", response_model=AnnotationReplyResponse)"
/{annotation_id}/replies,GET,unknown,List,No,app/api/annotations.py,get_annotation_replies,518,"@router.get(""/{annotation_id}/replies"", response_model=List[AnnotationReplyResponse])"
/stats,GET,unknown,unknown,No,app/api/annotations.py,get_annotation_stats,557,"@router.get(""/stats"")"
/health,GET,unknown,unknown,No,app/api/annotations.py,annotation_health,572,"@router.get(""/health"")"
/compare,POST,unknown,DocumentDiffResponse,No,app/api/document_diff.py,compare_documents,56,"@router.post(""/compare"", response_model=DocumentDiffResponse)"
/diff/{diff_id},GET,unknown,DocumentDiffResponse,No,app/api/document_diff.py,get_document_diff,101,"@router.get(""/diff/{diff_id}"", response_model=DocumentDiffResponse)"
/document/{document_id},GET,unknown,List,No,app/api/document_diff.py,get_document_diffs,144,"@router.get(""/document/{document_id}"", response_model=List[DocumentDiffResponse])"
/diff/{diff_id}/summary,GET,unknown,unknown,No,app/api/document_diff.py,get_diff_summary,185,"@router.get(""/diff/{diff_id}/summary"")"
/diff/{diff_id}/changes/{change_type},GET,unknown,unknown,No,app/api/document_diff.py,get_changes_by_type,207,"@router.get(""/diff/{diff_id}/changes/{change_type}"")"
/diff/{diff_id}/line/{line_number},GET,unknown,unknown,No,app/api/document_diff.py,get_line_changes,248,"@router.get(""/diff/{diff_id}/line/{line_number}"")"
/stats,GET,unknown,unknown,No,app/api/document_diff.py,get_diff_stats,284,"@router.get(""/stats"")"
/health,GET,unknown,unknown,No,app/api/document_diff.py,document_diff_health,299,"@router.get(""/health"")"
/connect,POST,unknown,IntegrationResponse,No,app/api/integrations.py,connect_integration,39,"@router.post(""/connect"", response_model=IntegrationResponse)"
/,GET,unknown,List,No,app/api/integrations.py,get_integrations,69,"@router.get(""/"", response_model=List[IntegrationResponse])"
/{integration_id},DELETE,unknown,unknown,No,app/api/integrations.py,disconnect_integration,82,"@router.delete(""/{integration_id}"")"
/available,GET,unknown,unknown,No,app/api/integrations.py,get_available_integrations,101,"@router.get(""/available"")"
/calculate-price,POST,unknown,PriceCalculationResponse,No,app/api/payment.py,calculate_price,83,"@router.post(""/calculate-price"", response_model=PriceCalculationResponse)"
/create-payment,POST,unknown,PaymentTransactionResponse,No,app/api/payment.py,create_payment,125,"@router.post(""/create-payment"", response_model=PaymentTransactionResponse)"
/process-payment/{transaction_id},POST,unknown,unknown,No,app/api/payment.py,process_payment,174,"@router.post(""/process-payment/{transaction_id}"")"
/balance,GET,unknown,UserBalanceResponse,No,app/api/payment.py,get_user_balance,206,"@router.get(""/balance"", response_model=UserBalanceResponse)"
/top-up-balance,POST,unknown,unknown,No,app/api/payment.py,top_up_balance,227,"@router.post(""/top-up-balance"")"
/transactions,GET,unknown,List,No,app/api/payment.py,get_user_transactions,274,"@router.get(""/transactions"", response_model=List[PaymentTransactionResponse])"
/transactions/{transaction_id},GET,unknown,PaymentTransactionResponse,No,app/api/payment.py,get_transaction,311,"@router.get(""/transactions/{transaction_id}"", response_model=PaymentTransactionResponse)"
/refund,POST,unknown,unknown,No,app/api/payment.py,refund_transaction,349,"@router.post(""/refund"")"
/pricing/{service_type},GET,unknown,unknown,No,app/api/payment.py,get_pricing_info,380,"@router.get(""/pricing/{service_type}"")"
/pricing,GET,unknown,unknown,No,app/api/payment.py,get_all_pricing_info,407,"@router.get(""/pricing"")"
/stats,GET,unknown,unknown,No,app/api/payment.py,get_payment_stats,425,"@router.get(""/stats"")"
/health,GET,unknown,unknown,No,app/api/payment.py,payment_health,446,"@router.get(""/health"")"
/generate-code,POST,unknown,ReferralCodeResponse,No,app/api/referral.py,generate_referral_code,75,"@router.post(""/generate-code"", response_model=ReferralCodeResponse)"
/my-codes,GET,unknown,List,No,app/api/referral.py,get_my_referral_codes,113,"@router.get(""/my-codes"", response_model=List[ReferralCodeResponse])"
/validate-code/{code},GET,unknown,unknown,No,app/api/referral.py,validate_referral_code,141,"@router.get(""/validate-code/{code}"")"
/create-referral,POST,unknown,ReferralResponse,No,app/api/referral.py,create_referral,161,"@router.post(""/create-referral"", response_model=ReferralResponse)"
/my-referrals,GET,unknown,List,No,app/api/referral.py,get_my_referrals,208,"@router.get(""/my-referrals"", response_model=List[ReferralResponse])"
/my-stats,GET,unknown,ReferralStatsResponse,No,app/api/referral.py,get_my_referral_stats,260,"@router.get(""/my-stats"", response_model=ReferralStatsResponse)"
/my-referrer,GET,unknown,unknown,No,app/api/referral.py,get_my_referrer,295,"@router.get(""/my-referrer"")"
/complete-referral/{referral_id},POST,unknown,unknown,No,app/api/referral.py,complete_referral,320,"@router.post(""/complete-referral/{referral_id}"")"
/deactivate-code/{code},DELETE,unknown,unknown,No,app/api/referral.py,deactivate_referral_code,355,"@router.delete(""/deactivate-code/{code}"")"
/commission-rules,GET,unknown,unknown,No,app/api/referral.py,get_commission_rules,386,"@router.get(""/commission-rules"")"
/stats,GET,unknown,unknown,No,app/api/referral.py,get_referral_stats,412,"@router.get(""/stats"")"
/cleanup-expired,POST,unknown,unknown,No,app/api/referral.py,cleanup_expired_codes,433,"@router.post(""/cleanup-expired"")"
/health,GET,unknown,unknown,No,app/api/referral.py,referral_health,454,"@router.get(""/health"")"
/,GET,unknown,unknown,No,venv/lib/python3.11/site-packages/huggingface_hub/_oauth.py,greet_json,146,"@app.get(""/"")"
/v1/chat/completions,POST,unknown,unknown,No,venv/lib/python3.11/site-packages/transformers/commands/serving.py,chat_completion,658,"@app.post(""/v1/chat/completions"")"
/v1/responses,POST,unknown,unknown,No,venv/lib/python3.11/site-packages/transformers/commands/serving.py,responses,668,"@app.post(""/v1/responses"")"
/v1/audio/transcriptions,POST,unknown,unknown,No,venv/lib/python3.11/site-packages/transformers/commands/serving.py,audio_transcriptions,677,"@app.post(""/v1/audio/transcriptions"")"
/v1/models,GET,unknown,unknown,No,venv/lib/python3.11/site-packages/transformers/commands/serving.py,get_all_models,696,"@app.get(""/v1/models"")"
/items/,GET,unknown,unknown,No,venv/lib/python3.11/site-packages/fastapi/applications.py,read_items,391,"@app.get(""/items/"")"
/items/,GET,unknown,unknown,No,venv/lib/python3.11/site-packages/fastapi/applications.py,read_items,1854,"@app.get(""/items/"")"
/items/{item_id},PUT,unknown,unknown,No,venv/lib/python3.11/site-packages/fastapi/applications.py,replace_item,2232,"@app.put(""/items/{item_id}"")"
/items/,POST,unknown,unknown,No,venv/lib/python3.11/site-packages/fastapi/applications.py,create_item,2610,"@app.post(""/items/"")"
/items/{item_id},DELETE,unknown,unknown,No,venv/lib/python3.11/site-packages/fastapi/applications.py,delete_item,2983,"@app.delete(""/items/{item_id}"")"
/items/,PATCH,unknown,unknown,No,venv/lib/python3.11/site-packages/fastapi/applications.py,update_item,4107,"@app.patch(""/items/"")"
/items/{item_id},PUT,unknown,unknown,No,venv/lib/python3.11/site-packages/fastapi/applications.py,trace_item,4480,"@app.put(""/items/{item_id}"")"
/send-notification/{email},POST,unknown,unknown,No,venv/lib/python3.11/site-packages/fastapi/background.py,send_notification,31,"@app.post(""/send-notification/{email}"")"
/users/,GET,unknown,unknown,No,venv/lib/python3.11/site-packages/fastapi/routing.py,read_users,540,"@router.get(""/users/"", tags=[""users""])"
/items/{item_id},GET,unknown,unknown,No,venv/lib/python3.11/site-packages/fastapi/exceptions.py,read_item,29,"@app.get(""/items/{item_id}"")"
/items/{item_id},GET,unknown,unknown,No,venv/lib/python3.11/site-packages/fastapi/param_functions.py,read_items,299,"@app.get(""/items/{item_id}"")"
/items/,GET,unknown,unknown,Yes,venv/lib/python3.11/site-packages/fastapi/param_functions.py,read_items,2272,"@app.get(""/items/"")"
/users/me/items/,GET,unknown,unknown,No,venv/lib/python3.11/site-packages/fastapi/param_functions.py,read_own_items,2353,"@app.get(""/users/me/items/"")"
/files/,POST,unknown,unknown,No,venv/lib/python3.11/site-packages/fastapi/datastructures.py,create_file,53,"@app.post(""/files/"")"
/uploadfile/,POST,unknown,unknown,No,venv/lib/python3.11/site-packages/fastapi/datastructures.py,create_upload_file,58,"@app.post(""/uploadfile/"")"
/login,POST,unknown,unknown,Yes,venv/lib/python3.11/site-packages/fastapi/security/oauth2.py,login,41,"@app.post(""/login"")"
/login,POST,unknown,unknown,Yes,venv/lib/python3.11/site-packages/fastapi/security/oauth2.py,login,183,"@app.post(""/login"")"
/items/,GET,unknown,unknown,Yes,venv/lib/python3.11/site-packages/fastapi/security/api_key.py,read_items,41,"@app.get(""/items/"")"
/items/,GET,unknown,unknown,Yes,venv/lib/python3.11/site-packages/fastapi/security/api_key.py,read_items,140,"@app.get(""/items/"")"
/items/,GET,unknown,unknown,Yes,venv/lib/python3.11/site-packages/fastapi/security/api_key.py,read_items,235,"@app.get(""/items/"")"
/users/me,GET,unknown,unknown,Yes,venv/lib/python3.11/site-packages/fastapi/security/http.py,read_current_user,124,"@app.get(""/users/me"")"
/users/me,GET,unknown,unknown,Yes,venv/lib/python3.11/site-packages/fastapi/security/http.py,read_current_user,244,"@app.get(""/users/me"")"
/users/me,GET,unknown,unknown,Yes,venv/lib/python3.11/site-packages/fastapi/security/http.py,read_current_user,348,"@app.get(""/users/me"")"
